circuit,distance,rounds,p,source_p,stim_path,noise_model,matrix_rows,matrix_cols,logical_rows,matrix_nnz,frontier_max_active_detectors,shots,fail_total,logical_fail,syndrome_fail,exception_fail,fer,fer_per_round,wilson95_lo,wilson95_hi,K,Delta,selected_K,selected_Delta,escalation_K,escalation_Delta,score_alpha,decoder_mode,engine_requested,engines_seen,selected_forward,selected_backward,committee_disagreed,escalated,escalation_fraction,mean_decode_s,p95_decode_s,p99_decode_s,mean_transition_evals_total,mean_primary_transition_evals_total,mean_escalation_transition_evals_total,mean_selected_transition_evals,mean_pre_prune_state_count,mean_post_prune_state_count,max_pre_prune_state_count_max,max_post_prune_state_count_max,mean_sum_pre_prune_state_count,mean_sum_post_prune_state_count,elapsed_s,seed,plot_group,plot_x,plot_y
color_code_mpp,9,1,0.08,0.084978,"scratch-better-beam-results:20260612_hex_color_code_codecap_bitflip_frontierfast_a08_k1024d10_escalate_d9d13d17d21_s100000_meanstates_cleps_v3/generated_mpp_sources/r=1,d=9,p=0.084978,noise=data_qubit_X,c=color_code_mpp,q=61,gates=mpp.stim",hexagonal color-code code-capacity bit-flip; data-qubit X_ERROR layer in MPP check circuit,60,61,1,156,8,100000,5881,5881,0,0,0.05881,0.05881000000000003,0.0573686929908355,0.06028520197144554,1024,10.0,4096,14.0,4096,14.0,0.8,bidirectional_committee,auto,native_binary,48838,51162,28,28,0.00028,0.0004440355116641149,0.000691852229647338,0.0008258813619613643,7297.31094,7291.9829,5.32804,4031.52824,41.150208852459016,33.05762672131148,512,512,2510.16274,2016.51523,5.210106228943914,20260602,d=9,0.08,33.05762672131148
color_code_mpp,9,1,0.0825,0.084978,"scratch-better-beam-results:20260612_hex_color_code_codecap_bitflip_frontierfast_a08_k1024d10_escalate_d9d13d17d21_s100000_meanstates_cleps_v3/generated_mpp_sources/r=1,d=9,p=0.084978,noise=data_qubit_X,c=color_code_mpp,q=61,gates=mpp.stim",hexagonal color-code code-capacity bit-flip; data-qubit X_ERROR layer in MPP check circuit,60,61,1,156,8,100000,6657,6657,0,0,0.06657,0.06657000000000002,0.06504159020377091,0.06813170858700283,1024,10.0,4096,14.0,4096,14.0,0.8,bidirectional_committee,auto,native_binary,49114,50886,27,27,0.00027,0.0004817160075576976,0.0007790699834004026,0.0010392627399414774,7795.46084,7790.2741,5.18674,4329.63842,43.885921147540984,35.50179704918033,512,512,2677.04119,2165.60962,5.7799108936451375,20260602,d=9,0.0825,35.50179704918033
color_code_mpp,9,1,0.085,0.084978,"scratch-better-beam-results:20260612_hex_color_code_codecap_bitflip_frontierfast_a08_k1024d10_escalate_d9d13d17d21_s100000_meanstates_cleps_v3/generated_mpp_sources/r=1,d=9,p=0.084978,noise=data_qubit_X,c=color_code_mpp,q=61,gates=mpp.stim",hexagonal color-code code-capacity bit-flip; data-qubit X_ERROR layer in MPP check circuit,60,61,1,156,8,100000,7342,7342,0,0,0.07342,0.07342000000000004,0.07181975597683102,0.07505301655430033,1024,10.0,4096,14.0,4096,14.0,0.8,bidirectional_committee,auto,native_binary,46094,53906,22,22,0.00022,0.00048319308184087276,0.0007491053780540822,0.00087183587718755,8280.4293,8276.40846,4.02084,4628.87418,46.60496918032787,37.955019672131144,512,505,2842.90312,2315.2562,5.731990892905742,20260602,d=9,0.085,37.955019672131144
color_code_mpp,9,1,0.0875,0.084978,"scratch-better-beam-results:20260612_hex_color_code_codecap_bitflip_frontierfast_a08_k1024d10_escalate_d9d13d17d21_s100000_meanstates_cleps_v3/generated_mpp_sources/r=1,d=9,p=0.084978,noise=data_qubit_X,c=color_code_mpp,q=61,gates=mpp.stim",hexagonal color-code code-capacity bit-flip; data-qubit X_ERROR layer in MPP check circuit,60,61,1,156,8,100000,8131,8131,0,0,0.08131,0.08131,0.07963207385221015,0.08302009252000463,1024,10.0,4096,14.0,4096,14.0,0.8,bidirectional_committee,auto,native_binary,54378,45622,33,33,0.00033,0.0004991881585819646,0.0007677744142711159,0.0008799815317615864,8824.09398,8817.54974,6.54424,4929.08272,49.18707393442622,40.41641557377049,512,511,3000.41151,2465.40135,10.126491906121373,20260602,d=9,0.0875,40.41641557377049
color_code_mpp,9,1,0.09,0.084978,"scratch-better-beam-results:20260612_hex_color_code_codecap_bitflip_frontierfast_a08_k1024d10_escalate_d9d13d17d21_s100000_meanstates_cleps_v3/generated_mpp_sources/r=1,d=9,p=0.084978,noise=data_qubit_X,c=color_code_mpp,q=61,gates=mpp.stim",hexagonal color-code code-capacity bit-flip; data-qubit X_ERROR layer in MPP check circuit,60,61,1,156,8,100000,9019,9019,0,0,0.09019,0.09018999999999999,0.08843028013502083,0.09198120402031451,1024,10.0,4096,14.0,4096,14.0,0.8,bidirectional_committee,auto,native_binary,53107,46893,38,38,0.00038,0.0005245727806212381,0.000799686112441122,0.0009097491297870868,9369.90996,9362.35024,7.55972,5227.34422,51.814571967213105,42.86151852459016,512,511,3160.68889,2614.55263,6.200448965653777,20260602,d=9,0.09,42.86151852459016
color_code_mpp,9,1,0.0925,0.084978,"scratch-better-beam-results:20260612_hex_color_code_codecap_bitflip_frontierfast_a08_k1024d10_escalate_d9d13d17d21_s100000_meanstates_cleps_v3/generated_mpp_sources/r=1,d=9,p=0.084978,noise=data_qubit_X,c=color_code_mpp,q=61,gates=mpp.stim",hexagonal color-code code-capacity bit-flip; data-qubit X_ERROR layer in MPP check circuit,60,61,1,156,8,100000,9707,9707,0,0,0.09707,0.09706999999999999,0.09525052559280563,0.09892042999810056,1024,10.0,4096,14.0,4096,14.0,0.8,bidirectional_committee,auto,native_binary,49585,50415,29,29,0.00029,0.0005447647258033976,0.0008210793370380997,0.0009270791942253707,9919.41072,9913.62556,5.78516,5546.14374,54.50412131147542,45.47509081967213,512,512,3324.7514,2773.98054,6.360646682791412,20260602,d=9,0.0925,45.47509081967213
color_code_mpp,9,1,0.095,0.084978,"scratch-better-beam-results:20260612_hex_color_code_codecap_bitflip_frontierfast_a08_k1024d10_escalate_d9d13d17d21_s100000_meanstates_cleps_v3/generated_mpp_sources/r=1,d=9,p=0.084978,noise=data_qubit_X,c=color_code_mpp,q=61,gates=mpp.stim",hexagonal color-code code-capacity bit-flip; data-qubit X_ERROR layer in MPP check circuit,60,61,1,156,8,100000,10630,10630,0,0,0.1063,0.10630000000000006,0.10440476036696937,0.10822548611787854,1024,10.0,4096,14.0,4096,14.0,0.8,bidirectional_committee,auto,native_binary,53142,46858,36,36,0.00036,0.0005620380059396848,0.0008500189520418642,0.0010513541614636755,10477.74904,10470.403,7.34604,5821.13046,56.81055606557376,47.72954721311476,512,512,3465.44392,2911.50238,6.959007773082703,20260602,d=9,0.095,47.72954721311476
color_code_mpp,9,1,0.0975,0.084978,"scratch-better-beam-results:20260612_hex_color_code_codecap_bitflip_frontierfast_a08_k1024d10_escalate_d9d13d17d21_s100000_meanstates_cleps_v3/generated_mpp_sources/r=1,d=9,p=0.084978,noise=data_qubit_X,c=color_code_mpp,q=61,gates=mpp.stim",hexagonal color-code code-capacity bit-flip; data-qubit X_ERROR layer in MPP check circuit,60,61,1,156,8,100000,11531,11531,0,0,0.11531,0.11531000000000002,0.11334516141608278,0.11730439286447636,1024,10.0,4096,14.0,4096,14.0,0.8,bidirectional_committee,auto,native_binary,50707,49293,26,26,0.00026,0.0006003772750450299,0.0008980096084997057,0.0012313294969499096,11036.6929,11031.38512,5.30778,6134.70506,59.35990803278688,50.30005475409836,512,512,3620.95439,3068.30334,11.900744824670255,20260602,d=9,0.0975,50.30005475409836
color_code_mpp,9,1,0.1,0.084978,"scratch-better-beam-results:20260612_hex_color_code_codecap_bitflip_frontierfast_a08_k1024d10_escalate_d9d13d17d21_s100000_meanstates_cleps_v3/generated_mpp_sources/r=1,d=9,p=0.084978,noise=data_qubit_X,c=color_code_mpp,q=61,gates=mpp.stim",hexagonal color-code code-capacity bit-flip; data-qubit X_ERROR layer in MPP check circuit,60,61,1,156,8,100000,12456,12456,0,0,0.12456,0.12456,0.12252772730985843,0.12662111632811796,1024,10.0,4096,14.0,4096,14.0,0.8,bidirectional_committee,auto,native_binary,51083,48917,28,28,0.00028,0.0006067523355828598,0.0008806513156741857,0.000965423719026148,11600.21842,11594.40824,5.81018,6438.46426,61.8543318032787,52.7900531147541,512,512,3773.11424,3220.19324,7.007202815730125,20260602,d=9,0.1,52.7900531147541
color_code_mpp,9,1,0.1025,0.084978,"scratch-better-beam-results:20260612_hex_color_code_codecap_bitflip_frontierfast_a08_k1024d10_escalate_d9d13d17d21_s100000_meanstates_cleps_v3/generated_mpp_sources/r=1,d=9,p=0.084978,noise=data_qubit_X,c=color_code_mpp,q=61,gates=mpp.stim",hexagonal color-code code-capacity bit-flip; data-qubit X_ERROR layer in MPP check circuit,60,61,1,156,8,100000,13253,13253,0,0,0.13253,0.13253000000000004,0.13044259397112115,0.13464563736184063,1024,10.0,4096,14.0,4096,14.0,0.8,bidirectional_committee,auto,native_binary,49728,50272,34,34,0.00034,0.0006268116098921746,0.0008961298968642945,0.000978263281285762,12159.33048,12152.21054,7.11994,6735.78716,64.20624295081967,55.22727229508197,512,512,3916.58082,3368.86361,7.075204501394182,20260602,d=9,0.1025,55.22727229508197
color_code_mpp,9,1,0.105,0.084978,"scratch-better-beam-results:20260612_hex_color_code_codecap_bitflip_frontierfast_a08_k1024d10_escalate_d9d13d17d21_s100000_meanstates_cleps_v3/generated_mpp_sources/r=1,d=9,p=0.084978,noise=data_qubit_X,c=color_code_mpp,q=61,gates=mpp.stim",hexagonal color-code code-capacity bit-flip; data-qubit X_ERROR layer in MPP check circuit,60,61,1,156,8,100000,14232,14232,0,0,0.14232,0.14232,0.14016830984333434,0.14449916936088308,1024,10.0,4096,14.0,4096,14.0,0.8,bidirectional_committee,auto,native_binary,46879,53121,38,38,0.00038,0.00064984099148307,0.0009134019725024697,0.000993319144472479,12730.98382,12723.05388,7.92994,7015.40482,66.3458537704918,57.51933327868853,512,512,4047.09708,3508.67933,7.416050959844142,20260602,d=9,0.105,57.51933327868853
color_code_mpp,9,1,0.1075,0.084978,"scratch-better-beam-results:20260612_hex_color_code_codecap_bitflip_frontierfast_a08_k1024d10_escalate_d9d13d17d21_s100000_meanstates_cleps_v3/generated_mpp_sources/r=1,d=9,p=0.084978,noise=data_qubit_X,c=color_code_mpp,q=61,gates=mpp.stim",hexagonal color-code code-capacity bit-flip; data-qubit X_ERROR layer in MPP check circuit,60,61,1,156,8,100000,15355,15355,0,0,0.15355,0.15354999999999996,0.1513288459952366,0.15579777045047216,1024,10.0,4096,14.0,4096,14.0,0.8,bidirectional_committee,auto,native_binary,46733,53267,24,24,0.00024,0.0006728223343379795,0.0009235164383426305,0.000992380641400814,13252.84874,13247.65648,5.19226,7289.69206,68.42372737704918,59.76765016393443,512,512,4173.84737,3645.82666,8.612734546884894,20260602,d=9,0.1075,59.76765016393443
color_code_mpp,9,1,0.11,0.084978,"scratch-better-beam-results:20260612_hex_color_code_codecap_bitflip_frontierfast_a08_k1024d10_escalate_d9d13d17d21_s100000_meanstates_cleps_v3/generated_mpp_sources/r=1,d=9,p=0.084978,noise=data_qubit_X,c=color_code_mpp,q=61,gates=mpp.stim",hexagonal color-code code-capacity bit-flip; data-qubit X_ERROR layer in MPP check circuit,60,61,1,156,8,100000,16274,16274,0,0,0.16274,0.16274,0.1604651236807315,0.165040786731968,1024,10.0,4096,14.0,4096,14.0,0.8,bidirectional_committee,auto,native_binary,46806,53194,32,32,0.00032,0.0007063748375000432,0.0009633018868044019,0.0013545369775965794,13835.47214,13828.4916,6.98054,7579.9618,70.6032706557377,62.14699,512,512,4306.79951,3790.96639,8.461055180057883,20260602,d=9,0.11,62.14699
color_code_mpp,9,1,0.1125,0.084978,"scratch-better-beam-results:20260612_hex_color_code_codecap_bitflip_frontierfast_a08_k1024d10_escalate_d9d13d17d21_s100000_meanstates_cleps_v3/generated_mpp_sources/r=1,d=9,p=0.084978,noise=data_qubit_X,c=color_code_mpp,q=61,gates=mpp.stim",hexagonal color-code code-capacity bit-flip; data-qubit X_ERROR layer in MPP check circuit,60,61,1,156,8,100000,17254,17254,0,0,0.17254,0.17254000000000003,0.17021069995515128,0.1748944575605416,1024,10.0,4096,14.0,4096,14.0,0.8,bidirectional_committee,auto,native_binary,46624,53376,35,35,0.00035,0.0007107488175667823,0.0009485418209806084,0.0010191171336919062,14360.95044,14353.25152,7.69892,7847.25548,72.57551983606557,64.33794721311475,512,512,4427.10671,3924.61478,8.06274088472128,20260602,d=9,0.1125,64.33794721311475
color_code_mpp,9,1,0.115,0.084978,"scratch-better-beam-results:20260612_hex_color_code_codecap_bitflip_frontierfast_a08_k1024d10_escalate_d9d13d17d21_s100000_meanstates_cleps_v3/generated_mpp_sources/r=1,d=9,p=0.084978,noise=data_qubit_X,c=color_code_mpp,q=61,gates=mpp.stim",hexagonal color-code code-capacity bit-flip; data-qubit X_ERROR layer in MPP check circuit,60,61,1,156,8,100000,18236,18236,0,0,0.18236,0.18235999999999997,0.17997893400182938,0.1847654690803324,1024,10.0,4096,14.0,4096,14.0,0.8,bidirectional_committee,auto,native_binary,46521,53479,27,27,0.00027,0.0007284667944861576,0.0009563221130520106,0.0010268434230238195,14890.59296,14884.63166,5.9613,8111.34842,74.48010475409836,66.50268508196721,512,512,4543.28639,4056.66379,9.8562690182589,20260602,d=9,0.115,66.50268508196721
color_code_mpp,9,1,0.1175,0.084978,"scratch-better-beam-results:20260612_hex_color_code_codecap_bitflip_frontierfast_a08_k1024d10_escalate_d9d13d17d21_s100000_meanstates_cleps_v3/generated_mpp_sources/r=1,d=9,p=0.084978,noise=data_qubit_X,c=color_code_mpp,q=61,gates=mpp.stim",hexagonal color-code code-capacity bit-flip; data-qubit X_ERROR layer in MPP check circuit,60,61,1,156,8,100000,19362,19362,0,0,0.19362,0.19362000000000001,0.191182763589839,0.19608077442902738,1024,10.0,4096,14.0,4096,14.0,0.8,bidirectional_committee,auto,native_binary,46186,53814,30,30,0.0003,0.0007487758134258911,0.0009667593985795971,0.0010429360764101147,15407.29926,15400.69286,6.6064,8372.54058,76.31042540983609,68.64362573770491,512,512,4654.93595,4187.26117,8.439518652390689,20260602,d=9,0.1175,68.64362573770491
color_code_mpp,9,1,0.12,0.084978,"scratch-better-beam-results:20260612_hex_color_code_codecap_bitflip_frontierfast_a08_k1024d10_escalate_d9d13d17d21_s100000_meanstates_cleps_v3/generated_mpp_sources/r=1,d=9,p=0.084978,noise=data_qubit_X,c=color_code_mpp,q=61,gates=mpp.stim",hexagonal color-code code-capacity bit-flip; data-qubit X_ERROR layer in MPP check circuit,60,61,1,156,8,100000,20423,20423,0,0,0.20423,0.20423000000000002,0.20174275538422085,0.20673996750839654,1024,10.0,4096,14.0,4096,14.0,0.8,bidirectional_committee,auto,native_binary,46293,53707,28,28,0.00028,0.0007686083667632192,0.0009744201321154833,0.0010486542340368025,15904.90878,15898.83554,6.07324,8609.5931,77.93681508196721,70.58670442622952,512,512,4754.14572,4305.78897,8.619277727790177,20260602,d=9,0.12,70.58670442622952
color_code_mpp,13,1,0.08,0.084978,"scratch-better-beam-results:20260612_hex_color_code_codecap_bitflip_frontierfast_a08_k1024d10_escalate_d9d13d17d21_s100000_meanstates_cleps_v3/generated_mpp_sources/r=1,d=13,p=0.084978,noise=data_qubit_X,c=color_code_mpp,q=127,gates=mpp.stim",hexagonal color-code code-capacity bit-flip; data-qubit X_ERROR layer in MPP check circuit,126,127,1,342,11,100000,4451,4451,0,0,0.04451,0.04451000000000005,0.04324922763820518,0.04580576593909574,1024,10.0,4096,14.0,4096,14.0,0.8,bidirectional_committee,auto,native_binary,51017,48983,172,172,0.00172,0.001322798880310729,0.0027547711506485926,0.003939750436693427,31353.42104,31117.19088,236.23016,17096.78118,88.76415968503939,67.3149003937008,4092,3931,11273.04828,8548.99235,18.588114588987082,20260602,d=13,0.08,67.3149003937008
color_code_mpp,13,1,0.0825,0.084978,"scratch-better-beam-results:20260612_hex_color_code_codecap_bitflip_frontierfast_a08_k1024d10_escalate_d9d13d17d21_s100000_meanstates_cleps_v3/generated_mpp_sources/r=1,d=13,p=0.084978,noise=data_qubit_X,c=color_code_mpp,q=127,gates=mpp.stim",hexagonal color-code code-capacity bit-flip; data-qubit X_ERROR layer in MPP check circuit,126,127,1,342,11,100000,5022,5022,0,0,0.05022,0.05022000000000004,0.04888356946979744,0.05159098542975778,1024,10.0,4096,14.0,4096,14.0,0.8,bidirectional_committee,auto,native_binary,50251,49749,169,169,0.00169,0.0014441423160256818,0.0030357536161318404,0.004252061680890618,34743.78788,34494.24114,249.54674,19037.6243,98.31609047244095,74.95642283464568,4072,3862,12486.14349,9519.4657,15.457539498340338,20260602,d=13,0.0825,74.95642283464568
color_code_mpp,13,1,0.085,0.084978,"scratch-better-beam-results:20260612_hex_color_code_codecap_bitflip_frontierfast_a08_k1024d10_escalate_d9d13d17d21_s100000_meanstates_cleps_v3/generated_mpp_sources/r=1,d=13,p=0.084978,noise=data_qubit_X,c=color_code_mpp,q=127,gates=mpp.stim",hexagonal color-code code-capacity bit-flip; data-qubit X_ERROR layer in MPP check circuit,126,127,1,342,11,100000,5893,5893,0,0,0.05893,0.05893000000000004,0.05748729467950168,0.06040659106363234,1024,10.0,4096,14.0,4096,14.0,0.8,bidirectional_committee,auto,native_binary,47463,52537,200,200,0.002,0.0015815685502626002,0.0033081038389354933,0.004549816744402048,38520.8485,38217.59514,303.25336,21260.57126,109.26555976377954,83.708538503937,3912,3315,13876.72609,10630.98439,16.92733720690012,20260602,d=13,0.085,83.708538503937
color_code_mpp,13,1,0.0875,0.084978,"scratch-better-beam-results:20260612_hex_color_code_codecap_bitflip_frontierfast_a08_k1024d10_escalate_d9d13d17d21_s100000_meanstates_cleps_v3/generated_mpp_sources/r=1,d=13,p=0.084978,noise=data_qubit_X,c=color_code_mpp,q=127,gates=mpp.stim",hexagonal color-code code-capacity bit-flip; data-qubit X_ERROR layer in MPP check circuit,126,127,1,342,11,100000,6699,6699,0,0,0.06699,0.06699,0.06545705716349562,0.06855620936026355,1024,10.0,4096,14.0,4096,14.0,0.8,bidirectional_committee,auto,native_binary,51868,48132,209,209,0.00209,0.0017340549758821727,0.0036305351648479697,0.004944259645417329,42746.60668,42406.25824,340.34844,23712.47262,121.05804314960629,93.3621005511811,4088,3933,15374.37148,11856.98677,18.43340050894767,20260602,d=13,0.0875,93.3621005511811
color_code_mpp,13,1,0.09,0.084978,"scratch-better-beam-results:20260612_hex_color_code_codecap_bitflip_frontierfast_a08_k1024d10_escalate_d9d13d17d21_s100000_meanstates_cleps_v3/generated_mpp_sources/r=1,d=13,p=0.084978,noise=data_qubit_X,c=color_code_mpp,q=127,gates=mpp.stim",hexagonal color-code code-capacity bit-flip; data-qubit X_ERROR layer in MPP check circuit,126,127,1,342,11,100000,7726,7726,0,0,0.07726,0.07726,0.07562131617093094,0.07893116134749577,1024,10.0,4096,14.0,4096,14.0,0.8,bidirectional_committee,auto,native_binary,50890,49110,213,213,0.00213,0.001894754266999662,0.003929620608687396,0.005262799756601448,47207.86272,46838.5544,369.30832,26230.4444,133.29415637795276,103.27568007874015,4086,3803,16928.35786,13116.01137,19.975340847857296,20260602,d=13,0.09,103.27568007874015
color_code_mpp,13,1,0.0925,0.084978,"scratch-better-beam-results:20260612_hex_color_code_codecap_bitflip_frontierfast_a08_k1024d10_escalate_d9d13d17d21_s100000_meanstates_cleps_v3/generated_mpp_sources/r=1,d=13,p=0.084978,noise=data_qubit_X,c=color_code_mpp,q=127,gates=mpp.stim",hexagonal color-code code-capacity bit-flip; data-qubit X_ERROR layer in MPP check circuit,126,127,1,342,11,100000,8573,8573,0,0,0.08573,0.08572999999999997,0.08401066497355011,0.08748116182674945,1024,10.0,4096,14.0,4096,14.0,0.8,bidirectional_committee,auto,native_binary,47745,52255,210,210,0.0021,0.002064814218855463,0.004234592313878236,0.005545947514474388,51832.63222,51457.26208,375.37014,28808.53606,145.48347685039369,113.42594566929135,4096,4096,18476.40156,14405.0951,21.7292110058479,20260602,d=13,0.0925,113.42594566929135
color_code_mpp,13,1,0.095,0.084978,"scratch-better-beam-results:20260612_hex_color_code_codecap_bitflip_frontierfast_a08_k1024d10_escalate_d9d13d17d21_s100000_meanstates_cleps_v3/generated_mpp_sources/r=1,d=13,p=0.084978,noise=data_qubit_X,c=color_code_mpp,q=127,gates=mpp.stim",hexagonal color-code code-capacity bit-flip; data-qubit X_ERROR layer in MPP check circuit,126,127,1,342,11,100000,9527,9527,0,0,0.09527,0.09526999999999997,0.09346587465838352,0.09710521921972795,1024,10.0,4096,14.0,4096,14.0,0.8,bidirectional_committee,auto,native_binary,49861,50139,227,227,0.00227,0.00224102004036773,0.004549033171497284,0.005849109687842427,56725.0814,56297.05278,428.02862,31456.92296,158.06079015748034,123.8529376377953,4096,4088,20073.72035,15729.32308,26.37222997425124,20260602,d=13,0.095,123.8529376377953
color_code_mpp,13,1,0.0975,0.084978,"scratch-better-beam-results:20260612_hex_color_code_codecap_bitflip_frontierfast_a08_k1024d10_escalate_d9d13d17d21_s100000_meanstates_cleps_v3/generated_mpp_sources/r=1,d=13,p=0.084978,noise=data_qubit_X,c=color_code_mpp,q=127,gates=mpp.stim",hexagonal color-code code-capacity bit-flip; data-qubit X_ERROR layer in MPP check circuit,126,127,1,342,11,100000,10878,10878,0,0,0.10878,0.10877999999999999,0.10686519418454618,0.11072486177126331,1024,10.0,4096,14.0,4096,14.0,0.8,bidirectional_committee,auto,native_binary,48221,51779,265,265,0.00265,0.0024369260926218705,0.004851982300169764,0.006119250464253121,62005.20682,61477.61114,527.59568,34398.34818,171.7663133070866,135.43357842519683,4096,4090,21814.32179,17200.06446,25.576746770180762,20260602,d=13,0.0975,135.43357842519683
color_code_mpp,13,1,0.1,0.084978,"scratch-better-beam-results:20260612_hex_color_code_codecap_bitflip_frontierfast_a08_k1024d10_escalate_d9d13d17d21_s100000_meanstates_cleps_v3/generated_mpp_sources/r=1,d=13,p=0.084978,noise=data_qubit_X,c=color_code_mpp,q=127,gates=mpp.stim",hexagonal color-code code-capacity bit-flip; data-qubit X_ERROR layer in MPP check circuit,126,127,1,342,11,100000,11938,11938,0,0,0.11938,0.11938000000000004,0.11738501301830337,0.12140422857951935,1024,10.0,4096,14.0,4096,14.0,0.8,bidirectional_committee,auto,native_binary,47667,52333,232,232,0.00232,0.002642759649376385,0.0051471139537170515,0.006366745010018348,67406.1772,66928.27918,477.89802,37418.50932,185.86756417322837,147.32417015748032,4096,4088,23605.18065,18710.16961,27.676197880879045,20260602,d=13,0.1,147.32417015748032
color_code_mpp,13,1,0.1025,0.084978,"scratch-better-beam-results:20260612_hex_color_code_codecap_bitflip_frontierfast_a08_k1024d10_escalate_d9d13d17d21_s100000_meanstates_cleps_v3/generated_mpp_sources/r=1,d=13,p=0.084978,noise=data_qubit_X,c=color_code_mpp,q=127,gates=mpp.stim",hexagonal color-code code-capacity bit-flip; data-qubit X_ERROR layer in MPP check circuit,126,127,1,342,11,100000,13157,13157,0,0,0.13157,0.13156999999999996,0.1294890971745083,0.13367920791162963,1024,10.0,4096,14.0,4096,14.0,0.8,bidirectional_committee,auto,native_binary,46034,53966,254,254,0.00254,0.0028547024725936354,0.005445396970026195,0.006640562135726212,73051.45704,72516.69512,534.76192,40498.8408,200.03247874015747,159.45160669291337,4096,4095,25404.1248,20250.35405,30.009390491992235,20260602,d=13,0.1025,159.45160669291337
color_code_mpp,13,1,0.105,0.084978,"scratch-better-beam-results:20260612_hex_color_code_codecap_bitflip_frontierfast_a08_k1024d10_escalate_d9d13d17d21_s100000_meanstates_cleps_v3/generated_mpp_sources/r=1,d=13,p=0.084978,noise=data_qubit_X,c=color_code_mpp,q=127,gates=mpp.stim",hexagonal color-code code-capacity bit-flip; data-qubit X_ERROR layer in MPP check circuit,126,127,1,342,11,100000,14182,14182,0,0,0.14182,0.14182000000000006,0.1396715059643037,0.1439960116530263,1024,10.0,4096,14.0,4096,14.0,0.8,bidirectional_committee,auto,native_binary,44156,55844,254,254,0.00254,0.0030876415670430288,0.005781110748648643,0.006817459664307533,79129.25836,78551.8933,577.36506,43663.05566,214.43740685039367,171.9092713385827,4096,4096,27233.55067,21832.47746,35.07978578284383,20260602,d=13,0.105,171.9092713385827
color_code_mpp,13,1,0.1075,0.084978,"scratch-better-beam-results:20260612_hex_color_code_codecap_bitflip_frontierfast_a08_k1024d10_escalate_d9d13d17d21_s100000_meanstates_cleps_v3/generated_mpp_sources/r=1,d=13,p=0.084978,noise=data_qubit_X,c=color_code_mpp,q=127,gates=mpp.stim",hexagonal color-code code-capacity bit-flip; data-qubit X_ERROR layer in MPP check circuit,126,127,1,342,11,100000,15438,15438,0,0,0.15438,0.15437999999999996,0.15215388227321913,0.15663267040672274,1024,10.0,4096,14.0,4096,14.0,0.8,bidirectional_committee,auto,native_binary,43536,56464,255,255,0.00255,0.0033012667850404976,0.0060011995490640395,0.0069929283577948795,84810.42348,84216.1987,594.22478,46775.40376,228.55821677165352,184.16270818897635,4096,4096,29026.89353,23388.66394,34.1157187060453,20260602,d=13,0.1075,184.16270818897635
color_code_mpp,13,1,0.11,0.084978,"scratch-better-beam-results:20260612_hex_color_code_codecap_bitflip_frontierfast_a08_k1024d10_escalate_d9d13d17d21_s100000_meanstates_cleps_v3/generated_mpp_sources/r=1,d=13,p=0.084978,noise=data_qubit_X,c=color_code_mpp,q=127,gates=mpp.stim",hexagonal color-code code-capacity bit-flip; data-qubit X_ERROR layer in MPP check circuit,126,127,1,342,11,100000,16708,16708,0,0,0.16708,0.16708,0.16478066902098773,0.16940490796589455,1024,10.0,4096,14.0,4096,14.0,0.8,bidirectional_committee,auto,native_binary,42536,57464,270,270,0.0027,0.0035354827442439273,0.0062556520337238904,0.007140340567566453,90884.90894,90235.78286,649.12608,49987.37452,242.95845645669291,196.80832700787403,4096,4096,30855.72397,24994.65753,38.524618877097964,20260602,d=13,0.11,196.80832700787403
color_code_mpp,13,1,0.1125,0.084978,"scratch-better-beam-results:20260612_hex_color_code_codecap_bitflip_frontierfast_a08_k1024d10_escalate_d9d13d17d21_s100000_meanstates_cleps_v3/generated_mpp_sources/r=1,d=13,p=0.084978,noise=data_qubit_X,c=color_code_mpp,q=127,gates=mpp.stim",hexagonal color-code code-capacity bit-flip; data-qubit X_ERROR layer in MPP check circuit,126,127,1,342,11,100000,17942,17942,0,0,0.17942,0.17942000000000002,0.17705415232935068,0.18181047662191308,1024,10.0,4096,14.0,4096,14.0,0.8,bidirectional_committee,auto,native_binary,40710,59290,294,294,0.00294,0.003779979644692503,0.0065029763849452134,0.007292570294812321,97103.42778,96358.76614,744.66164,53051.9009,256.42097992125986,208.87345220472443,4096,4096,32565.46445,26526.92843,39.08064311183989,20260602,d=13,0.1125,208.87345220472443
color_code_mpp,13,1,0.115,0.084978,"scratch-better-beam-results:20260612_hex_color_code_codecap_bitflip_frontierfast_a08_k1024d10_escalate_d9d13d17d21_s100000_meanstates_cleps_v3/generated_mpp_sources/r=1,d=13,p=0.084978,noise=data_qubit_X,c=color_code_mpp,q=127,gates=mpp.stim",hexagonal color-code code-capacity bit-flip; data-qubit X_ERROR layer in MPP check circuit,126,127,1,342,11,100000,19133,19133,0,0,0.19133,0.19133,0.18890392216950783,0.19377979178141422,1024,10.0,4096,14.0,4096,14.0,0.8,bidirectional_committee,auto,native_binary,39175,60825,282,282,0.00282,0.004024385434221477,0.006706436956301331,0.007389987595379351,103404.79726,102692.5601,712.23716,56291.8651,270.716293543307,221.62926417322834,4096,4096,34380.96928,28146.91655,47.02233111904934,20260602,d=13,0.115,221.62926417322834
color_code_mpp,13,1,0.1175,0.084978,"scratch-better-beam-results:20260612_hex_color_code_codecap_bitflip_frontierfast_a08_k1024d10_escalate_d9d13d17d21_s100000_meanstates_cleps_v3/generated_mpp_sources/r=1,d=13,p=0.084978,noise=data_qubit_X,c=color_code_mpp,q=127,gates=mpp.stim",hexagonal color-code code-capacity bit-flip; data-qubit X_ERROR layer in MPP check circuit,126,127,1,342,11,100000,20438,20438,0,0,0.20438,0.20438,0.20189206784733615,0.20689064352134745,1024,10.0,4096,14.0,4096,14.0,0.8,bidirectional_committee,auto,native_binary,37393,62607,273,273,0.00273,0.004271395818502642,0.0068947004387155154,0.007505220682360231,109684.46654,108974.1742,710.29234,59418.65998,284.3268755905512,233.93950874015744,4096,4096,36109.5132,29710.31761,44.199452864937484,20260602,d=13,0.1175,233.93950874015744
color_code_mpp,13,1,0.12,0.084978,"scratch-better-beam-results:20260612_hex_color_code_codecap_bitflip_frontierfast_a08_k1024d10_escalate_d9d13d17d21_s100000_meanstates_cleps_v3/generated_mpp_sources/r=1,d=13,p=0.084978,noise=data_qubit_X,c=color_code_mpp,q=127,gates=mpp.stim",hexagonal color-code code-capacity bit-flip; data-qubit X_ERROR layer in MPP check circuit,126,127,1,342,11,100000,21760,21760,0,0,0.2176,0.21760000000000002,0.21505351344752466,0.22016818227846224,1024,10.0,4096,14.0,4096,14.0,0.8,bidirectional_committee,auto,native_binary,36118,63882,329,329,0.00329,0.004526159980832599,0.007056785537861287,0.007577365860342977,115932.33782,115048.87296,883.46486,62408.3791,297.18524968503937,245.71008307086612,4096,4096,37742.52671,31205.18055,46.7450137748383,20260602,d=13,0.12,245.71008307086612
color_code_mpp,17,1,0.08,0.084978,"scratch-better-beam-results:20260612_hex_color_code_codecap_bitflip_frontierfast_a08_k1024d10_escalate_d9d13d17d21_s100000_meanstates_cleps_v3/generated_mpp_sources/r=1,d=17,p=0.084978,noise=data_qubit_X,c=color_code_mpp,q=217,gates=mpp.stim",hexagonal color-code code-capacity bit-flip; data-qubit X_ERROR layer in MPP check circuit,216,217,1,600,14,100000,3225,3225,0,0,0.03225,0.03225,0.031172890712219497,0.03336304475460195,1024,10.0,4096,14.0,4096,14.0,0.8,bidirectional_committee,auto,native_binary,52284,47716,445,445,0.00445,0.003360168082634918,0.00743355355225503,0.010974266785196923,89284.21076,86699.80528,2584.40548,45145.74856,141.6684104608295,104.02442483870966,8192,4096,30742.04507,22573.30019,35.09848606074229,20260602,d=17,0.08,104.02442483870966
color_code_mpp,17,1,0.0825,0.084978,"scratch-better-beam-results:20260612_hex_color_code_codecap_bitflip_frontierfast_a08_k1024d10_escalate_d9d13d17d21_s100000_meanstates_cleps_v3/generated_mpp_sources/r=1,d=17,p=0.084978,noise=data_qubit_X,c=color_code_mpp,q=217,gates=mpp.stim",hexagonal color-code code-capacity bit-flip; data-qubit X_ERROR layer in MPP check circuit,216,217,1,600,14,100000,3900,3900,0,0,0.039,0.039000000000000035,0.03781770901343403,0.040217707876367546,1024,10.0,4096,14.0,4096,14.0,0.8,bidirectional_committee,auto,native_binary,51433,48567,502,502,0.00502,0.0038121514709247278,0.00835324903018772,0.012023783959448305,102059.01928,98758.18624,3300.83304,51513.89658,161.05076451612902,118.69784940092165,8192,4096,34948.0159,25757.43332,44.73303833603859,20260602,d=17,0.0825,118.69784940092165
color_code_mpp,17,1,0.085,0.084978,"scratch-better-beam-results:20260612_hex_color_code_codecap_bitflip_frontierfast_a08_k1024d10_escalate_d9d13d17d21_s100000_meanstates_cleps_v3/generated_mpp_sources/r=1,d=17,p=0.084978,noise=data_qubit_X,c=color_code_mpp,q=217,gates=mpp.stim",hexagonal color-code code-capacity bit-flip; data-qubit X_ERROR layer in MPP check circuit,216,217,1,600,14,100000,4695,4695,0,0,0.04695,0.04695000000000005,0.045656249224451044,0.048278556896860454,1024,10.0,4096,14.0,4096,14.0,0.8,bidirectional_committee,auto,native_binary,48950,51050,570,570,0.0057,0.004312927382043563,0.00927760316990316,0.013220974793657652,116061.50014,112100.06942,3961.43072,58514.7109,182.38350447004612,134.82903654377878,8192,4096,39577.22047,29257.90093,44.595103539992124,20260602,d=17,0.085,134.82903654377878
color_code_mpp,17,1,0.0875,0.084978,"scratch-better-beam-results:20260612_hex_color_code_codecap_bitflip_frontierfast_a08_k1024d10_escalate_d9d13d17d21_s100000_meanstates_cleps_v3/generated_mpp_sources/r=1,d=17,p=0.084978,noise=data_qubit_X,c=color_code_mpp,q=217,gates=mpp.stim",hexagonal color-code code-capacity bit-flip; data-qubit X_ERROR layer in MPP check circuit,216,217,1,600,14,100000,5474,5474,0,0,0.05474,0.05474000000000001,0.05334716670466632,0.05616704094035114,1024,10.0,4096,14.0,4096,14.0,0.8,bidirectional_committee,auto,native_binary,51490,48510,579,579,0.00579,0.004838035877402872,0.010232451278716324,0.014073546417057497,130420.17996,126023.33584,4396.84412,65733.3338,204.1516616129032,151.46207640552993,8192,4096,44300.91057,32867.27058,51.10319203324616,20260602,d=17,0.0875,151.46207640552993
color_code_mpp,17,1,0.09,0.084978,"scratch-better-beam-results:20260612_hex_color_code_codecap_bitflip_frontierfast_a08_k1024d10_escalate_d9d13d17d21_s100000_meanstates_cleps_v3/generated_mpp_sources/r=1,d=17,p=0.084978,noise=data_qubit_X,c=color_code_mpp,q=217,gates=mpp.stim",hexagonal color-code code-capacity bit-flip; data-qubit X_ERROR layer in MPP check circuit,216,217,1,600,14,100000,6446,6446,0,0,0.06446,0.06445999999999996,0.06295463349103037,0.0659988274030785,1024,10.0,4096,14.0,4096,14.0,0.8,bidirectional_committee,auto,native_binary,50229,49771,696,696,0.00696,0.005492711730631999,0.011285952292382715,0.015342480721883437,148501.52832,142741.7823,5759.74602,74414.22992,230.40941133640553,171.4644087557604,8192,4096,49998.84226,37207.7767,58.8702311469242,20260602,d=17,0.09,171.4644087557604
color_code_mpp,17,1,0.0925,0.084978,"scratch-better-beam-results:20260612_hex_color_code_codecap_bitflip_frontierfast_a08_k1024d10_escalate_d9d13d17d21_s100000_meanstates_cleps_v3/generated_mpp_sources/r=1,d=17,p=0.084978,noise=data_qubit_X,c=color_code_mpp,q=217,gates=mpp.stim",hexagonal color-code code-capacity bit-flip; data-qubit X_ERROR layer in MPP check circuit,216,217,1,600,14,100000,7393,7393,0,0,0.07393,0.07393000000000005,0.07232457851102082,0.0755681548387357,1024,10.0,4096,14.0,4096,14.0,0.8,bidirectional_committee,auto,native_binary,48687,51313,805,805,0.00805,0.006131733750938438,0.012206537974998353,0.01643095463979988,165696.70406,158558.13128,7138.57278,82725.90132,255.203717281106,190.61595829493086,8192,4096,55379.20665,41363.66295,63.44847932783887,20260602,d=17,0.0925,190.61595829493086
color_code_mpp,17,1,0.095,0.084978,"scratch-better-beam-results:20260612_hex_color_code_codecap_bitflip_frontierfast_a08_k1024d10_escalate_d9d13d17d21_s100000_meanstates_cleps_v3/generated_mpp_sources/r=1,d=17,p=0.084978,noise=data_qubit_X,c=color_code_mpp,q=217,gates=mpp.stim",hexagonal color-code code-capacity bit-flip; data-qubit X_ERROR layer in MPP check circuit,216,217,1,600,14,100000,8719,8719,0,0,0.08719,0.08718999999999999,0.08545729488824817,0.08895441974576267,1024,10.0,4096,14.0,4096,14.0,0.8,bidirectional_committee,auto,native_binary,49188,50812,827,827,0.00827,0.00683538344476372,0.013135744212195277,0.01741871383506804,184755.33218,176954.5139,7800.81828,91497.47066,281.523631843318,210.8271788018434,8192,4096,61090.62811,45749.4978,72.02025610115379,20260602,d=17,0.095,210.8271788018434
color_code_mpp,17,1,0.0975,0.084978,"scratch-better-beam-results:20260612_hex_color_code_codecap_bitflip_frontierfast_a08_k1024d10_escalate_d9d13d17d21_s100000_meanstates_cleps_v3/generated_mpp_sources/r=1,d=17,p=0.084978,noise=data_qubit_X,c=color_code_mpp,q=217,gates=mpp.stim",hexagonal color-code code-capacity bit-flip; data-qubit X_ERROR layer in MPP check circuit,216,217,1,600,14,100000,9847,9847,0,0,0.09847,0.09847000000000006,0.09663872142552313,0.10033212660866783,1024,10.0,4096,14.0,4096,14.0,0.8,bidirectional_committee,auto,native_binary,48486,51514,912,912,0.00912,0.007574920256752521,0.014002211089245976,0.018202047827653552,204650.76234,195655.80164,8994.9607,100903.11068,309.3803106912442,232.49938470046084,8192,4096,67135.52742,50452.36648,77.53554863296449,20260602,d=17,0.0975,232.49938470046084
color_code_mpp,17,1,0.1,0.084978,"scratch-better-beam-results:20260612_hex_color_code_codecap_bitflip_frontierfast_a08_k1024d10_escalate_d9d13d17d21_s100000_meanstates_cleps_v3/generated_mpp_sources/r=1,d=17,p=0.084978,noise=data_qubit_X,c=color_code_mpp,q=217,gates=mpp.stim",hexagonal color-code code-capacity bit-flip; data-qubit X_ERROR layer in MPP check circuit,216,217,1,600,14,100000,11039,11039,0,0,0.11039,0.11038999999999999,0.10846266153947562,0.11234727072611136,1024,10.0,4096,14.0,4096,14.0,0.8,bidirectional_committee,auto,native_binary,47671,52329,1114,1114,0.01114,0.00837361632869579,0.014909790223464362,0.0348984150076283,225365.46942,213721.71822,11643.7512,110427.03564,337.455349078341,254.44405792626728,8192,4096,73227.81075,55214.36057,86.42097156634554,20260602,d=17,0.1,254.44405792626728
color_code_mpp,17,1,0.1025,0.084978,"scratch-better-beam-results:20260612_hex_color_code_codecap_bitflip_frontierfast_a08_k1024d10_escalate_d9d13d17d21_s100000_meanstates_cleps_v3/generated_mpp_sources/r=1,d=17,p=0.084978,noise=data_qubit_X,c=color_code_mpp,q=217,gates=mpp.stim",hexagonal color-code code-capacity bit-flip; data-qubit X_ERROR layer in MPP check circuit,216,217,1,600,14,100000,12269,12269,0,0,0.12269,0.12268999999999997,0.12067105111213272,0.12473793619088469,1024,10.0,4096,14.0,4096,14.0,0.8,bidirectional_committee,auto,native_binary,46582,53418,1139,1139,0.01139,0.009172073919731192,0.015701864473521707,0.040596683612093155,246387.92368,233952.95374,12434.96994,120357.06676,366.7986784331797,277.3244830875576,8192,4096,79595.31322,60179.41283,97.8194964909926,20260602,d=17,0.1025,277.3244830875576
color_code_mpp,17,1,0.105,0.084978,"scratch-better-beam-results:20260612_hex_color_code_codecap_bitflip_frontierfast_a08_k1024d10_escalate_d9d13d17d21_s100000_meanstates_cleps_v3/generated_mpp_sources/r=1,d=17,p=0.084978,noise=data_qubit_X,c=color_code_mpp,q=217,gates=mpp.stim",hexagonal color-code code-capacity bit-flip; data-qubit X_ERROR layer in MPP check circuit,216,217,1,600,14,100000,13709,13709,0,0,0.13709,0.13708999999999993,0.13497219833885754,0.13923568266651748,1024,10.0,4096,14.0,4096,14.0,0.8,bidirectional_committee,auto,native_binary,45626,54374,1361,1361,0.01361,0.0100611516276747,0.016535446071065954,0.05352860526647405,269155.31024,253621.84644,15533.4638,130546.2895,396.5932941474654,300.80207101382484,8192,4096,86060.74483,65274.04941,102.7154894741252,20260602,d=17,0.105,300.80207101382484
color_code_mpp,17,1,0.1075,0.084978,"scratch-better-beam-results:20260612_hex_color_code_codecap_bitflip_frontierfast_a08_k1024d10_escalate_d9d13d17d21_s100000_meanstates_cleps_v3/generated_mpp_sources/r=1,d=17,p=0.084978,noise=data_qubit_X,c=color_code_mpp,q=217,gates=mpp.stim",hexagonal color-code code-capacity bit-flip; data-qubit X_ERROR layer in MPP check circuit,216,217,1,600,14,100000,15326,15326,0,0,0.15326,0.15325999999999995,0.15104058566974196,0.15550605305557216,1024,10.0,4096,14.0,4096,14.0,0.8,bidirectional_committee,auto,native_binary,44918,55082,1502,1502,0.01502,0.010913357135420665,0.017169062281027433,0.060339916460216,290974.55912,273171.91504,17802.64408,140458.65918,425.4826806451613,323.64173562211977,8192,4096,92329.7417,70230.25663,111.40234410995618,20260602,d=17,0.1075,323.64173562211977
color_code_mpp,17,1,0.11,0.084978,"scratch-better-beam-results:20260612_hex_color_code_codecap_bitflip_frontierfast_a08_k1024d10_escalate_d9d13d17d21_s100000_meanstates_cleps_v3/generated_mpp_sources/r=1,d=17,p=0.084978,noise=data_qubit_X,c=color_code_mpp,q=217,gates=mpp.stim",hexagonal color-code code-capacity bit-flip; data-qubit X_ERROR layer in MPP check circuit,216,217,1,600,14,100000,17012,17012,0,0,0.17012,0.17012000000000005,0.16780387534965382,0.17246146808550397,1024,10.0,4096,14.0,4096,14.0,0.8,bidirectional_committee,auto,native_binary,43830,56170,1673,1673,0.01673,0.011822286525056697,0.017849203990772364,0.06524635530542572,314566.53776,294151.64598,20414.89178,151218.04708,456.78212059907844,348.4330391705069,8192,4096,99121.72017,75609.9695,120.61465322086588,20260602,d=17,0.11,348.4330391705069
color_code_mpp,17,1,0.1125,0.084978,"scratch-better-beam-results:20260612_hex_color_code_codecap_bitflip_frontierfast_a08_k1024d10_escalate_d9d13d17d21_s100000_meanstates_cleps_v3/generated_mpp_sources/r=1,d=17,p=0.084978,noise=data_qubit_X,c=color_code_mpp,q=217,gates=mpp.stim",hexagonal color-code code-capacity bit-flip; data-qubit X_ERROR layer in MPP check circuit,216,217,1,600,14,100000,18368,18368,0,0,0.18368,0.18368000000000007,0.18129217720735752,0.18609212446418705,1024,10.0,4096,14.0,4096,14.0,0.8,bidirectional_committee,auto,native_binary,42961,57039,1852,1852,0.01852,0.012709380348576233,0.018350515258498484,0.0694773078104481,336610.63982,313453.00756,23157.63226,161094.10772,485.4295418894009,371.18900410138247,8192,4096,105338.21059,80548.01389,134.79184941202402,20260602,d=17,0.1125,371.18900410138247
color_code_mpp,17,1,0.115,0.084978,"scratch-better-beam-results:20260612_hex_color_code_codecap_bitflip_frontierfast_a08_k1024d10_escalate_d9d13d17d21_s100000_meanstates_cleps_v3/generated_mpp_sources/r=1,d=17,p=0.084978,noise=data_qubit_X,c=color_code_mpp,q=217,gates=mpp.stim",hexagonal color-code code-capacity bit-flip; data-qubit X_ERROR layer in MPP check circuit,216,217,1,600,14,100000,19780,19780,0,0,0.1978,0.19779999999999998,0.19534273389312604,0.20028048299211917,1024,10.0,4096,14.0,4096,14.0,0.8,bidirectional_committee,auto,native_binary,41900,58100,2073,2073,0.02073,0.013622488654395566,0.01885648095048964,0.07234907650388776,358692.47736,332265.37856,26427.0988,170925.6253,513.7228865437788,393.84231847926276,8192,4096,111477.86638,85463.78311,139.31765187066048,20260602,d=17,0.115,393.84231847926276
color_code_mpp,17,1,0.1175,0.084978,"scratch-better-beam-results:20260612_hex_color_code_codecap_bitflip_frontierfast_a08_k1024d10_escalate_d9d13d17d21_s100000_meanstates_cleps_v3/generated_mpp_sources/r=1,d=17,p=0.084978,noise=data_qubit_X,c=color_code_mpp,q=217,gates=mpp.stim",hexagonal color-code code-capacity bit-flip; data-qubit X_ERROR layer in MPP check circuit,216,217,1,600,14,100000,21275,21275,0,0,0.21275,0.21275,0.21022453351692177,0.21529753481625719,1024,10.0,4096,14.0,4096,14.0,0.8,bidirectional_committee,auto,native_binary,40956,59044,2259,2259,0.02259,0.014474957522666082,0.019285024306736884,0.07506094894371926,379837.11886,350364.79102,29472.32784,180570.38724,541.4871274193548,416.0653141013825,8192,4096,117502.70665,90286.17316,147.5151599594392,20260602,d=17,0.1175,416.0653141013825
color_code_mpp,17,1,0.12,0.084978,"scratch-better-beam-results:20260612_hex_color_code_codecap_bitflip_frontierfast_a08_k1024d10_escalate_d9d13d17d21_s100000_meanstates_cleps_v3/generated_mpp_sources/r=1,d=17,p=0.084978,noise=data_qubit_X,c=color_code_mpp,q=217,gates=mpp.stim",hexagonal color-code code-capacity bit-flip; data-qubit X_ERROR layer in MPP check circuit,216,217,1,600,14,100000,23035,23035,0,0,0.23035,0.23035000000000005,0.22775069817519059,0.23297001801642545,1024,10.0,4096,14.0,4096,14.0,0.8,bidirectional_committee,auto,native_binary,40075,59925,2484,2484,0.02484,0.015366546793272718,0.019696290022693564,0.07694186287000775,401254.48542,368238.78308,33015.70234,190353.92582,569.5626335944701,438.60805608294925,8192,4096,123595.09149,95177.94817,181.53296957584098,20260602,d=17,0.12,438.60805608294925
color_code_mpp,21,1,0.08,0.084978,"scratch-better-beam-results:20260612_hex_color_code_codecap_bitflip_frontierfast_a08_k1024d10_escalate_d9d13d17d21_s100000_meanstates_cleps_v3/generated_mpp_sources/r=1,d=21,p=0.084978,noise=data_qubit_X,c=color_code_mpp,q=331,gates=mpp.stim",hexagonal color-code code-capacity bit-flip; data-qubit X_ERROR layer in MPP check circuit,330,331,1,930,17,100000,2287,2287,0,0,0.02287,0.022869999999999946,0.0219616391433217,0.0238150169534918,1024,10.0,4096,14.0,4096,14.0,0.8,bidirectional_committee,auto,native_binary,52320,47680,892,892,0.00892,0.007371393040842377,0.014937605266459264,0.02356947782449423,199950.0352,186642.54922,13307.48598,95154.91214,199.23613770392745,143.73934456193354,8192,4096,65947.16158,47577.72305,76.50193594535813,20260602,d=21,0.08,143.73934456193354
color_code_mpp,21,1,0.0825,0.084978,"scratch-better-beam-results:20260612_hex_color_code_codecap_bitflip_frontierfast_a08_k1024d10_escalate_d9d13d17d21_s100000_meanstates_cleps_v3/generated_mpp_sources/r=1,d=21,p=0.084978,noise=data_qubit_X,c=color_code_mpp,q=331,gates=mpp.stim",hexagonal color-code code-capacity bit-flip; data-qubit X_ERROR layer in MPP check circuit,330,331,1,930,17,100000,2819,2819,0,0,0.02819,0.02819000000000005,0.027182127526238685,0.02923411985505693,1024,10.0,4096,14.0,4096,14.0,0.8,bidirectional_committee,auto,native_binary,51284,48716,1032,1032,0.01032,0.008574526578057557,0.01695409584790468,0.0303715302050109,230863.85066,213818.61236,17045.2383,109080.47352,227.80187030211482,164.77509749244712,8192,4096,75402.41907,54540.55727,98.55868879426271,20260602,d=21,0.0825,164.77509749244712
color_code_mpp,21,1,0.085,0.084978,"scratch-better-beam-results:20260612_hex_color_code_codecap_bitflip_frontierfast_a08_k1024d10_escalate_d9d13d17d21_s100000_meanstates_cleps_v3/generated_mpp_sources/r=1,d=21,p=0.084978,noise=data_qubit_X,c=color_code_mpp,q=331,gates=mpp.stim",hexagonal color-code code-capacity bit-flip; data-qubit X_ERROR layer in MPP check circuit,330,331,1,930,17,100000,3568,3568,0,0,0.03568,0.035680000000000045,0.034548055262680066,0.03684761669018906,1024,10.0,4096,14.0,4096,14.0,0.8,bidirectional_committee,auto,native_binary,50075,49925,1256,1256,0.01256,0.009845551277869381,0.01887812076602131,0.06008233525324582,266893.22906,244637.85004,22255.37902,125346.61824,261.15283924471294,189.34649253776433,8192,4096,86441.58979,62673.68903,103.2147874739021,20260602,d=21,0.085,189.34649253776433
color_code_mpp,21,1,0.0875,0.084978,"scratch-better-beam-results:20260612_hex_color_code_codecap_bitflip_frontierfast_a08_k1024d10_escalate_d9d13d17d21_s100000_meanstates_cleps_v3/generated_mpp_sources/r=1,d=21,p=0.084978,noise=data_qubit_X,c=color_code_mpp,q=331,gates=mpp.stim",hexagonal color-code code-capacity bit-flip; data-qubit X_ERROR layer in MPP check circuit,330,331,1,930,17,100000,4364,4364,0,0,0.04364,0.04364000000000001,0.0423912365199967,0.044923823896120096,1024,10.0,4096,14.0,4096,14.0,0.8,bidirectional_committee,auto,native_binary,51510,48490,1400,1400,0.014,0.011211105915531516,0.02074827528558668,0.0789025347866112,304327.71714,277368.58038,26959.13676,141990.2871,295.0522435045317,214.48817314199397,8192,4096,97662.2926,70995.58531,118.54334212932736,20260602,d=21,0.0875,214.48817314199397
color_code_mpp,21,1,0.09,0.084978,"scratch-better-beam-results:20260612_hex_color_code_codecap_bitflip_frontierfast_a08_k1024d10_escalate_d9d13d17d21_s100000_meanstates_cleps_v3/generated_mpp_sources/r=1,d=21,p=0.084978,noise=data_qubit_X,c=color_code_mpp,q=331,gates=mpp.stim",hexagonal color-code code-capacity bit-flip; data-qubit X_ERROR layer in MPP check circuit,330,331,1,930,17,100000,5283,5283,0,0,0.05283,0.052830000000000044,0.05146065331704756,0.054233701066059965,1024,10.0,4096,14.0,4096,14.0,0.8,bidirectional_committee,auto,native_binary,51057,48943,1674,1674,0.01674,0.012872824742202646,0.022770630544982805,0.09925655482336872,348827.82542,314138.21656,34689.60886,161634.15382,335.24898184290026,244.16188625377643,8192,4096,110967.41299,80817.58435,136.6542356479913,20260602,d=21,0.09,244.16188625377643
color_code_mpp,21,1,0.0925,0.084978,"scratch-better-beam-results:20260612_hex_color_code_codecap_bitflip_frontierfast_a08_k1024d10_escalate_d9d13d17d21_s100000_meanstates_cleps_v3/generated_mpp_sources/r=1,d=21,p=0.084978,noise=data_qubit_X,c=color_code_mpp,q=331,gates=mpp.stim",hexagonal color-code code-capacity bit-flip; data-qubit X_ERROR layer in MPP check circuit,330,331,1,930,17,100000,6314,6314,0,0,0.06314,0.06313999999999997,0.06164928470741774,0.06466427759730833,1024,10.0,4096,14.0,4096,14.0,0.8,bidirectional_committee,auto,native_binary,49632,50368,1815,1815,0.01815,0.014497283237259835,0.02467471037525683,0.11059655912686096,391318.2697,351288.94024,40029.32946,180977.95236,374.52398157099685,273.3823134138973,8192,4096,123967.4379,90489.54574,150.3108980502002,20260602,d=21,0.0925,273.3823134138973
color_code_mpp,21,1,0.095,0.084978,"scratch-better-beam-results:20260612_hex_color_code_codecap_bitflip_frontierfast_a08_k1024d10_escalate_d9d13d17d21_s100000_meanstates_cleps_v3/generated_mpp_sources/r=1,d=21,p=0.084978,noise=data_qubit_X,c=color_code_mpp,q=331,gates=mpp.stim",hexagonal color-code code-capacity bit-flip; data-qubit X_ERROR layer in MPP check circuit,330,331,1,930,17,100000,7699,7699,0,0,0.07699,0.07699,0.07535397875945683,0.0786585195020507,1024,10.0,4096,14.0,4096,14.0,0.8,bidirectional_committee,auto,native_binary,50028,49972,2272,2272,0.02272,0.016499303901991808,0.0266625540331006,0.12501322241965676,443206.58944,390970.38448,52236.20496,203112.886,419.4558735045318,306.8189520845921,8192,4096,138839.89413,101557.07314,168.69160766899586,20260602,d=21,0.095,306.8189520845921
color_code_mpp,21,1,0.0975,0.084978,"scratch-better-beam-results:20260612_hex_color_code_codecap_bitflip_frontierfast_a08_k1024d10_escalate_d9d13d17d21_s100000_meanstates_cleps_v3/generated_mpp_sources/r=1,d=21,p=0.084978,noise=data_qubit_X,c=color_code_mpp,q=331,gates=mpp.stim",hexagonal color-code code-capacity bit-flip; data-qubit X_ERROR layer in MPP check circuit,330,331,1,930,17,100000,9025,9025,0,0,0.09025,0.09024999999999994,0.08848974598115153,0.09204173356461029,1024,10.0,4096,14.0,4096,14.0,0.8,bidirectional_committee,auto,native_binary,49443,50557,2617,2617,0.02617,0.018451971868481486,0.028585828840732568,0.13330946790985748,493682.17298,431070.6511,62611.52188,225715.12256,465.0047144108762,340.96147583081574,8192,4096,153916.56047,112858.2485,188.89098997367546,20260602,d=21,0.0975,340.96147583081574
color_code_mpp,21,1,0.1,0.084978,"scratch-better-beam-results:20260612_hex_color_code_codecap_bitflip_frontierfast_a08_k1024d10_escalate_d9d13d17d21_s100000_meanstates_cleps_v3/generated_mpp_sources/r=1,d=21,p=0.084978,noise=data_qubit_X,c=color_code_mpp,q=331,gates=mpp.stim",hexagonal color-code code-capacity bit-flip; data-qubit X_ERROR layer in MPP check circuit,330,331,1,930,17,100000,10370,10370,0,0,0.1037,0.10370000000000001,0.10182562294360056,0.10560482328943277,1024,10.0,4096,14.0,4096,14.0,0.8,bidirectional_committee,auto,native_binary,49079,50921,3079,3079,0.03079,0.020600243958611972,0.03025016412138937,0.14309123441576949,547634.4782,470668.87202,76965.60618,249713.08564,513.4693712990936,377.21233232628396,8192,4096,169958.3619,124857.282,211.18454569811,20260602,d=21,0.1,377.21233232628396
color_code_mpp,21,1,0.1025,0.084978,"scratch-better-beam-results:20260612_hex_color_code_codecap_bitflip_frontierfast_a08_k1024d10_escalate_d9d13d17d21_s100000_meanstates_cleps_v3/generated_mpp_sources/r=1,d=21,p=0.084978,noise=data_qubit_X,c=color_code_mpp,q=331,gates=mpp.stim",hexagonal color-code code-capacity bit-flip; data-qubit X_ERROR layer in MPP check circuit,330,331,1,930,17,100000,11840,11840,0,0,0.1184,0.11840000000000006,0.11641220223293627,0.12041711465458713,1024,10.0,4096,14.0,4096,14.0,0.8,bidirectional_committee,auto,native_binary,48400,51600,3489,3489,0.03489,0.022702350854631514,0.03195705979596823,0.1494106636149808,600890.7636,510998.14586,89892.61774,273610.37444,561.5265424773414,413.3111006042295,8192,4096,185865.28556,136805.9743,242.80721875093877,20260602,d=21,0.1025,413.3111006042295
color_code_mpp,21,1,0.105,0.084978,"scratch-better-beam-results:20260612_hex_color_code_codecap_bitflip_frontierfast_a08_k1024d10_escalate_d9d13d17d21_s100000_meanstates_cleps_v3/generated_mpp_sources/r=1,d=21,p=0.084978,noise=data_qubit_X,c=color_code_mpp,q=331,gates=mpp.stim",hexagonal color-code code-capacity bit-flip; data-qubit X_ERROR layer in MPP check circuit,330,331,1,930,17,100000,13586,13586,0,0,0.13586,0.13585999999999998,0.133750317762141,0.137997657739491,1024,10.0,4096,14.0,4096,14.0,0.8,bidirectional_committee,auto,native_binary,47866,52134,4083,4083,0.04083,0.025131677146097646,0.03377283690497277,0.15581872637849298,659742.60098,551315.69984,108426.90114,299645.22602,613.7647949848943,452.6387925679758,8192,4096,203156.14714,149823.44034,261.875462516211,20260602,d=21,0.105,452.6387925679758
color_code_mpp,21,1,0.1075,0.084978,"scratch-better-beam-results:20260612_hex_color_code_codecap_bitflip_frontierfast_a08_k1024d10_escalate_d9d13d17d21_s100000_meanstates_cleps_v3/generated_mpp_sources/r=1,d=21,p=0.084978,noise=data_qubit_X,c=color_code_mpp,q=331,gates=mpp.stim",hexagonal color-code code-capacity bit-flip; data-qubit X_ERROR layer in MPP check circuit,330,331,1,930,17,100000,15256,15256,0,0,0.15256,0.15256000000000003,0.15034479638020412,0.1548018961234676,1024,10.0,4096,14.0,4096,14.0,0.8,bidirectional_committee,auto,native_binary,47447,52553,4645,4645,0.04645,0.0274213431656966,0.035559965739957976,0.16030823885928822,716664.90296,589861.02208,126803.88088,325354.3235,665.3066529607252,491.47440145015105,8192,4096,220216.50213,162678.02688,296.0848052161746,20260602,d=21,0.1075,491.47440145015105
color_code_mpp,21,1,0.11,0.084978,"scratch-better-beam-results:20260612_hex_color_code_codecap_bitflip_frontierfast_a08_k1024d10_escalate_d9d13d17d21_s100000_meanstates_cleps_v3/generated_mpp_sources/r=1,d=21,p=0.084978,noise=data_qubit_X,c=color_code_mpp,q=331,gates=mpp.stim",hexagonal color-code code-capacity bit-flip; data-qubit X_ERROR layer in MPP check circuit,330,331,1,930,17,100000,16880,16880,0,0,0.1688,0.16880000000000006,0.16649113384058806,0.17113431100518695,1024,10.0,4096,14.0,4096,14.0,0.8,bidirectional_committee,auto,native_binary,46700,53300,5306,5306,0.05306,0.029868445008937268,0.11648988975211963,0.16416004464961584,774979.46296,626879.00468,148100.45828,351765.17292,718.0951868882177,531.3700327794561,8192,4096,237689.50686,175883.48085,306.04567075287923,20260602,d=21,0.11,531.3700327794561
color_code_mpp,21,1,0.1125,0.084978,"scratch-better-beam-results:20260612_hex_color_code_codecap_bitflip_frontierfast_a08_k1024d10_escalate_d9d13d17d21_s100000_meanstates_cleps_v3/generated_mpp_sources/r=1,d=21,p=0.084978,noise=data_qubit_X,c=color_code_mpp,q=331,gates=mpp.stim",hexagonal color-code code-capacity bit-flip; data-qubit X_ERROR layer in MPP check circuit,330,331,1,930,17,100000,18670,18670,0,0,0.1867,0.18669999999999998,0.18429689273784344,0.18912717691850112,1024,10.0,4096,14.0,4096,14.0,0.8,bidirectional_committee,auto,native_binary,46233,53767,5977,5977,0.05977,0.03235768415978178,0.13685017058160154,0.16799727894365787,832177.7364,662071.83492,170105.90148,377494.95598,769.2817081268881,570.2368506042296,8192,4096,254632.24539,188748.39755,330.75328241987154,20260602,d=21,0.1125,570.2368506042296
color_code_mpp,21,1,0.115,0.084978,"scratch-better-beam-results:20260612_hex_color_code_codecap_bitflip_frontierfast_a08_k1024d10_escalate_d9d13d17d21_s100000_meanstates_cleps_v3/generated_mpp_sources/r=1,d=21,p=0.084978,noise=data_qubit_X,c=color_code_mpp,q=331,gates=mpp.stim",hexagonal color-code code-capacity bit-flip; data-qubit X_ERROR layer in MPP check circuit,330,331,1,930,17,100000,20423,20423,0,0,0.20423,0.20423000000000002,0.20174275538422085,0.20673996750839654,1024,10.0,4096,14.0,4096,14.0,0.8,bidirectional_committee,auto,native_binary,45456,54544,6729,6729,0.06729,0.03484590731682256,0.14864956534001966,0.17077120202593504,890098.77998,694921.58988,195177.1901,403492.62094,820.933163655589,609.508306102719,8192,4096,271728.87717,201747.24932,385.3058963390067,20260602,d=21,0.115,609.508306102719
color_code_mpp,21,1,0.1175,0.084978,"scratch-better-beam-results:20260612_hex_color_code_codecap_bitflip_frontierfast_a08_k1024d10_escalate_d9d13d17d21_s100000_meanstates_cleps_v3/generated_mpp_sources/r=1,d=21,p=0.084978,noise=data_qubit_X,c=color_code_mpp,q=331,gates=mpp.stim",hexagonal color-code code-capacity bit-flip; data-qubit X_ERROR layer in MPP check circuit,330,331,1,930,17,100000,22606,22606,0,0,0.22606,0.22606000000000004,0.2234780821613513,0.22866296361477073,1024,10.0,4096,14.0,4096,14.0,0.8,bidirectional_committee,auto,native_binary,44898,55102,7489,7489,0.07489,0.03731164304633159,0.1559077819343655,0.17242090290412307,948546.2277,727963.0715,220583.1562,430189.2525,874.039272145015,649.8355931419941,8192,4096,289306.99908,215095.58133,395.97252579405904,20260602,d=21,0.1175,649.8355931419941
color_code_mpp,21,1,0.12,0.084978,"scratch-better-beam-results:20260612_hex_color_code_codecap_bitflip_frontierfast_a08_k1024d10_escalate_d9d13d17d21_s100000_meanstates_cleps_v3/generated_mpp_sources/r=1,d=21,p=0.084978,noise=data_qubit_X,c=color_code_mpp,q=331,gates=mpp.stim",hexagonal color-code code-capacity bit-flip; data-qubit X_ERROR layer in MPP check circuit,330,331,1,930,17,100000,23916,23916,0,0,0.23916,0.23916000000000004,0.23652618795373068,0.24181385139884168,1024,10.0,4096,14.0,4096,14.0,0.8,bidirectional_committee,auto,native_binary,44041,55959,8265,8265,0.08265,0.039366591284503226,0.16050914395600552,0.17349224423989654,1002777.53888,756522.068,246255.47088,454425.9261,921.9661685800604,686.446920694864,8192,4096,305170.8018,227213.93075,416.91505676321685,20260602,d=21,0.12,686.446920694864
